-- Whether or not a given username, password combination is valid
SELECT uid
FROM Users
WHERE email = 'ra4ever@duke.edu' AND password = crypt('otherpassword', password);
 uid 
-----
   1
(1 row)

-- Airlines whose name or abbreviation contain some substring
SELECT * 
FROM Airlines 
WHERE name LIKE '%Delta%'
OR iata LIKE '%Delta%';
 iata |      name       
------+-----------------
 DL   | Delta Air Lines
(1 row)

-- Airports whose name or abbreviation contain some substring
SELECT * 
FROM Airports 
WHERE name LIKE '%Dulles%'
OR iata LIKE '%Dulles%';
 iata |                  name                   |      city      | country | latitude | longitude |     time_zone     | dst 
------+-----------------------------------------+----------------+---------+----------+-----------+-------------------+-----
 IAD  | Washington Dulles International Airport | Washington, DC | USA     |  38.9445 |  -77.4558 | America/ New_York | A
(1 row)

-- Flights matching a user
SELECT *
FROM Trips NATURAL JOIN Flights
WHERE uid = 0;
 tid | uid |    trip_name    | fid | airline_iata | flight_num | depart_iata | arrival_iata | depart_datetime | arrival_datetime | duration | mileage 
-----+-----+-----------------+-----+--------------+------------+-------------+--------------+-----------------+------------------+----------+---------
   2 |   0 | from internship |   3 | AS           |        922 | SEA         | BWI          | 2019-07-27      | 2019-07-27       |      315 |    2335
   0 |   0 | to internship   |   0 | DL           |       1253 | RDU         | SEA          | 2019-05-05      | 2019-05-05       |      348 |    2355
(2 rows)

-- Flights belonging to a user and matching a certain trip name
SELECT *
FROM Trips NATURAL JOIN Flights
WHERE uid = 1
AND Trips.trip_name LIKE '%grad%';
 tid | uid | trip_name  | fid | airline_iata | flight_num | depart_iata | arrival_iata | depart_datetime | arrival_datetime | duration | mileage 
-----+-----+------------+-----+--------------+------------+-------------+--------------+-----------------+------------------+----------+---------
   1 |   1 | graduation |   2 | DL           |       2220 | IAD         | SEA          | 2019-06-09      | 2019-06-09       |      339 |    2306
   1 |   1 | graduation |   1 | DL           |       2680 | SEA         | IAD          | 2019-06-05      | 2019-06-06       |      339 |    2306
(2 rows)

-- All flights for a given user over a given timespan
SELECT *
FROM Trips NATURAL JOIN Flights
WHERE uid = 0
AND depart_datetime >= DATE('2019-01-01')
AND arrival_datetime <= DATE('2019-06-01');
 tid | uid |   trip_name   | fid | airline_iata | flight_num | depart_iata | arrival_iata | depart_datetime | arrival_datetime | duration | mileage 
-----+-----+---------------+-----+--------------+------------+-------------+--------------+-----------------+------------------+----------+---------
   0 |   0 | to internship |   0 | DL           |       1253 | RDU         | SEA          | 2019-05-05      | 2019-05-05       |      348 |    2355
(1 row)

-- Total distance and duration for a given user for all trips
SELECT trip_name, SUM(mileage), SUM(duration)
FROM Trips NATURAL JOIN Flights
WHERE uid = 0
GROUP BY tid;
    trip_name    | sum  | sum 
-----------------+------+-----
 to internship   | 2355 | 348
 from internship | 2335 | 315
(2 rows)

-- Total distance and duration for a given user for a given timespan
SELECT SUM(mileage), SUM(duration)
FROM Trips NATURAL JOIN Flights
WHERE uid = 0
AND depart_datetime >= DATE('2019-01-01')
AND arrival_datetime <= DATE('2019-06-01');
 sum  | sum 
------+-----
 2355 | 348
(1 row)

-- Flights from/to a certain airport/city 
WITH Depart_airport AS(
	SELECT * FROM airports
),
Arrival_airport AS(
	SELECT * FROM airports
)
SELECT *
FROM Trips NATURAL JOIN Flights 
JOIN Depart_airport ON Depart_Airport.iata = Flights.depart_iata
JOIN Arrival_airport ON Arrival_airport.iata = Flights.arrival_iata
WHERE 
(Depart_airport.iata LIKE '%SEA%'
OR Depart_airport.name LIKE '%SEA%'
OR Depart_airport.city LIKE '%SEA%'
OR Arrival_airport.iata LIKE '%Baltimore%'
OR Arrival_airport.name LIKE '%Baltimore%'
OR Arrival_airport.city LIKE '%Baltimore%')
AND uid = 0;
 tid | uid |    trip_name    | fid | airline_iata | flight_num | depart_iata | arrival_iata | depart_datetime | arrival_datetime | duration | mileage | iata |                 name                 |  city   | country | latitude | longitude |      time_zone       | dst | iata |                             name                             |   city    | country | latitude | longitude |     time_zone     | dst 
-----+-----+-----------------+-----+--------------+------------+-------------+--------------+-----------------+------------------+----------+---------+------+--------------------------------------+---------+---------+----------+-----------+----------------------+-----+------+--------------------------------------------------------------+-----------+---------+----------+-----------+-------------------+-----
   2 |   0 | from internship |   3 | AS           |        922 | SEA         | BWI          | 2019-07-27      | 2019-07-27       |      315 |    2335 | SEA  | Seattle Tacoma International Airport | Seattle | USA     |   47.449 |  -122.309 | America/ Los_Angeles | A   | BWI  | Baltimore/Washington International Thurgood Marshall Airport | Baltimore | USA     |  39.1754 |  -76.6683 | America/ New_York | A
(1 row)

-- Trips that contain a certain airport/city
WITH Depart_airport AS(
	SELECT * FROM airports
),
Arrival_airport AS(
	SELECT * FROM airports
),
Relevant_flights AS(
SELECT tid
FROM Flights 
JOIN Airports Depart_airport ON Depart_Airport.iata = Flights.depart_iata
	JOIN Airports Arrival_airport ON Arrival_airport.iata = Flights.arrival_iata
WHERE 
(Depart_airport.iata LIKE '%SEA%'
OR Depart_airport.name LIKE '%SEA%'
OR Depart_airport.city LIKE '%SEA%'
OR Arrival_airport.iata LIKE '%Baltimore%'
OR Arrival_airport.name LIKE '%Baltimore%'
OR Arrival_airport.city LIKE '%Baltimore%')
)
SELECT tid
FROM Trips NATURAL JOIN Relevant_flights
WHERE uid = 0;
 tid 
-----
   2
(1 row)

-- Details from a trip
SELECT airport_iata, note
FROM trips NATURAL JOIN Details
WHERE uid = 0
AND tid = 0;
 airport_iata |             note             
--------------+------------------------------
 SEA          | cant wait for my internship!
(1 row)

-- Details from an airport
SELECT trip_name, note
FROM trips NATURAL JOIN Details
WHERE uid = 1
AND airport_iata = 'IAD';
 trip_name  |              note               
------------+---------------------------------
 graduation | Best place to get boba is TeaDM
 graduation | Lots of cool museums to go to!
(2 rows)

